{"cameraMode":{"drawMode":0,"name":"Shaded","section":"Shading Mode"},"sceneLighting":true,"audioPlay":false,"sceneViewState":{"m_AlwaysRefresh":false,"showFog":true,"showSkybox":true,"showFlares":true,"showImageEffects":true,"showParticleSystems":true,"showVisualEffectGraphs":true,"m_FxEnabled":true},"in2DMode":false,"pivot":{"x":-0.3842642307281494,"y":0.23263594508171082,"z":-1.4010114669799805},"rotation":{"x":-0.012188967317342759,"y":0.13963006436824799,"z":-0.0017157733673229814,"w":-0.9901352524757385},"size":2.9926047325134279,"orthographic":false}